[
  {
    "id": 1,
    "email": "Daevika_Gill46@yahoo.co.in",
    "phone": { "1": "+91-677-4410427", "2": "+916004297915" },
    "age": 13,
    "date_of_birth": "1995-11-17T00:08:59.890Z",
    "date_of_admission": "2011-10-17T00:40:01.399Z",
    "address": {
      "pincode": "714 689",
      "city": "Richardson",
      "street": "15353 Mandakini Mill",
      "state": "Nagaland"
    },
    "firstName": "Adhiraj",
    "middleName": "Austin",
    "lastName": "Guneta"
  },
  {
    "id": 2,
    "email": "Charuvrat_Johar@hotmail.com",
    "phone": { "1": "+916888210788", "2": "+918444116231" },
    "age": 14,
    "date_of_birth": "1998-06-21T06:55:55.055Z",
    "date_of_admission": "2016-02-18T04:21:15.235Z",
    "address": {
      "pincode": "826 790",
      "city": "Brockton",
      "street": "3121 Rakesh Mountain",
      "state": "Jharkhand"
    },
    "firstName": "Laxmi",
    "middleName": "Drew",
    "lastName": "Tagore"
  },
  {
    "id": 3,
    "email": "Daevika_Nayar89@gmail.com",
    "phone": { "1": "+91-817-9116389", "2": "+917166130149" },
    "age": 13,
    "date_of_birth": "1998-11-04T00:31:31.091Z",
    "date_of_admission": "2012-02-14T06:35:29.720Z",
    "address": {
      "pincode": "821 034",
      "city": "Escondido",
      "street": "0930 Arora Garden",
      "state": "Haryana"
    },
    "firstName": "Anilabh",
    "middleName": "Jaden",
    "lastName": "Naik"
  },
  {
    "id": 4,
    "email": "Ranjeet.Pillai@yahoo.co.in",
    "phone": { "1": "+91967-284-4380", "2": "+91-766-0256193" },
    "age": 17,
    "date_of_birth": "1998-09-15T06:37:34.146Z",
    "date_of_admission": "2015-11-27T07:50:01.546Z",
    "address": {
      "pincode": "670 705",
      "city": "Ogden",
      "street": "578 Bandopadhyay Lock",
      "state": "Chhattisgarh"
    },
    "firstName": "Rajendra",
    "middleName": "Taylor",
    "lastName": "Tagore"
  },
  {
    "id": 5,
    "email": "Sukanya.Nayar@yahoo.co.in",
    "phone": { "1": "+916568817632", "2": "+916234113858" },
    "age": 20,
    "date_of_birth": "1998-09-12T21:37:32.823Z",
    "date_of_admission": "2009-09-07T14:50:48.912Z",
    "address": {
      "pincode": "499 322",
      "city": "Little Rock",
      "street": "9814 Abbott Mountains",
      "state": "West Bengal"
    },
    "firstName": "Mukesh",
    "middleName": "Shiloh",
    "lastName": "Bharadwaj"
  },
  {
    "id": 6,
    "email": "Chakravartee_Trivedi@yahoo.co.in",
    "phone": { "1": "+91942-752-0115", "2": "+91-670-4872029" },
    "age": 15,
    "date_of_birth": "1997-02-26T10:36:06.225Z",
    "date_of_admission": "2014-01-02T18:01:59.037Z",
    "address": {
      "pincode": "125 103",
      "city": "Frederick",
      "street": "22892 Panicker Loaf",
      "state": "Lakshadweep"
    },
    "firstName": "Gorakhnath",
    "middleName": "Sawyer",
    "lastName": "Naik"
  },
  {
    "id": 7,
    "email": "Sameer.Khatri@hotmail.com",
    "phone": { "1": "+91730-131-9543", "2": "+91-687-8685781" },
    "age": 16,
    "date_of_birth": "2000-10-18T02:31:34.758Z",
    "date_of_admission": "2006-03-11T15:09:40.669Z",
    "address": {
      "pincode": "793 602",
      "city": "Haverhill",
      "street": "61014 Gautam Lodge",
      "state": "Daman and Diu"
    },
    "firstName": "Heema",
    "middleName": "Charlie",
    "lastName": "Shah"
  },
  {
    "id": 8,
    "email": "Lal15@yahoo.co.in",
    "phone": { "1": "+91656-208-7243", "2": "+91-933-0639255" },
    "age": 8,
    "date_of_birth": "1999-02-10T04:33:54.628Z",
    "date_of_admission": "2015-06-25T03:51:19.058Z",
    "address": {
      "pincode": "780 275",
      "city": "Pine Bluff",
      "street": "432 Jha Haven",
      "state": "Maharashtra"
    },
    "firstName": "Bilva",
    "middleName": "Austin",
    "lastName": "Khanna"
  },
  {
    "id": 9,
    "email": "Annapurna.Gupta36@gmail.com",
    "phone": { "1": "+916165348768", "2": "+91656-537-4883" },
    "age": 11,
    "date_of_birth": "1992-09-09T20:28:14.110Z",
    "date_of_admission": "2011-12-19T01:04:29.279Z",
    "address": {
      "pincode": "105 132",
      "city": "Virginia Beach",
      "street": "0946 Balagovind Villages",
      "state": "Mizoram"
    },
    "firstName": "Kiran",
    "middleName": "Skyler",
    "lastName": "Dubashi"
  },
  {
    "id": 10,
    "email": "Gauranga.Ahuja@gmail.com",
    "phone": { "1": "+917184523530", "2": "+91-696-2624935" },
    "age": 14,
    "date_of_birth": "1991-10-14T12:08:00.522Z",
    "date_of_admission": "2014-03-20T02:20:30.755Z",
    "address": {
      "pincode": "399 668",
      "city": "Glendora",
      "street": "004 Navin Crossing",
      "state": "Kerala"
    },
    "firstName": "Chandni",
    "middleName": "Greer",
    "lastName": "Ahluwalia"
  },
  {
    "id": 11,
    "email": "Surya.Kaur@gmail.com",
    "phone": { "1": "+91-677-5560243", "2": "+916659069195" },
    "age": 16,
    "date_of_birth": "1991-01-29T13:20:36.603Z",
    "date_of_admission": "2014-02-13T04:47:53.980Z",
    "address": {
      "pincode": "151 192",
      "city": "Kentwood",
      "street": "126 Umang Expressway",
      "state": "Tripura"
    },
    "firstName": "Priya",
    "middleName": "Reign",
    "lastName": "Saini"
  },
  {
    "id": 12,
    "email": "Chaturaanan_Johar@hotmail.com",
    "phone": { "1": "+916587726823", "2": "+91-803-3812088" },
    "age": 20,
    "date_of_birth": "1997-01-03T01:30:46.102Z",
    "date_of_admission": "2011-12-12T18:24:36.117Z",
    "address": {
      "pincode": "133 523",
      "city": "South Jordan",
      "street": "9420 Chatur Loaf",
      "state": "Karnataka"
    },
    "firstName": "Aagneya",
    "middleName": "Sage",
    "lastName": "Adiga"
  },
  {
    "id": 13,
    "email": "Charak.Ahuja@hotmail.com",
    "phone": { "1": "+91-663-1719483", "2": "+91-833-6243562" },
    "age": 10,
    "date_of_birth": "1998-11-28T22:43:50.820Z",
    "date_of_admission": "2013-02-10T02:17:52.980Z",
    "address": {
      "pincode": "060 493",
      "city": "Coachella",
      "street": "71891 Sarla Plains",
      "state": "Karnataka"
    },
    "firstName": "Ameyatma",
    "middleName": "Brooklyn",
    "lastName": "Kaul"
  },
  {
    "id": 14,
    "email": "Rajendra72@gmail.com",
    "phone": { "1": "+917783641999", "2": "+91-777-1455050" },
    "age": 14,
    "date_of_birth": "2000-03-01T20:52:10.881Z",
    "date_of_admission": "2013-06-01T00:27:55.808Z",
    "address": {
      "pincode": "165 131",
      "city": "Pine Bluff",
      "street": "7075 Naik Fall",
      "state": "Arunachal Pradesh"
    },
    "firstName": "Chandrabhaga",
    "middleName": "Kennedy",
    "lastName": "Varma"
  },
  {
    "id": 15,
    "email": "Dipankar_Butt55@yahoo.co.in",
    "phone": { "1": "+91-626-8148066", "2": "+919323305812" },
    "age": 8,
    "date_of_birth": "1994-09-26T06:36:35.942Z",
    "date_of_admission": "2013-10-14T15:25:29.731Z",
    "address": {
      "pincode": "414 502",
      "city": "Centreville",
      "street": "523 Asan Lakes",
      "state": "Meghalaya"
    },
    "firstName": "Bankimchandra",
    "middleName": "Phoenix",
    "lastName": "Iyer"
  },
  {
    "id": 16,
    "email": "Anuraag27@hotmail.com",
    "phone": { "1": "+916121848534", "2": "+91795-863-9696" },
    "age": 19,
    "date_of_birth": "1990-10-28T19:50:18.774Z",
    "date_of_admission": "2016-04-05T00:36:42.546Z",
    "address": {
      "pincode": "380 765",
      "city": "Rockford",
      "street": "9565 Abhaidev Route",
      "state": "Daman and Diu"
    },
    "firstName": "Pran",
    "middleName": "Blake",
    "lastName": "Khatri"
  },
  {
    "id": 17,
    "email": "Dhyaneshwar87@yahoo.co.in",
    "phone": { "1": "+91-941-8019190", "2": "+91-994-2384452" },
    "age": 11,
    "date_of_birth": "1996-09-11T08:15:26.378Z",
    "date_of_admission": "2015-05-09T06:19:59.288Z",
    "address": {
      "pincode": "224 309",
      "city": "Columbus",
      "street": "4987 Bhagavaan Run",
      "state": "Odisha"
    },
    "firstName": "Deeptendu",
    "middleName": "Kennedy",
    "lastName": "Dubashi"
  },
  {
    "id": 18,
    "email": "Chaten.Varrier69@hotmail.com",
    "phone": { "1": "+91618-545-6536", "2": "+916475374104" },
    "age": 13,
    "date_of_birth": "2000-05-21T18:14:20.451Z",
    "date_of_admission": "2008-08-17T13:35:04.221Z",
    "address": {
      "pincode": "185 527",
      "city": "Lawrence",
      "street": "1629 Adhrit Walks",
      "state": "Manipur"
    },
    "firstName": "Baladitya",
    "middleName": "Logan",
    "lastName": "Talwar"
  },
  {
    "id": 19,
    "email": "Deevakar.Abbott40@hotmail.com",
    "phone": { "1": "+91-664-2416935", "2": "+916780426229" },
    "age": 20,
    "date_of_birth": "1999-02-22T08:50:31.497Z",
    "date_of_admission": "2011-10-26T20:26:17.394Z",
    "address": {
      "pincode": "769 789",
      "city": "Conroe",
      "street": "6008 Malik Walk",
      "state": "Goa"
    },
    "firstName": "Chaanakya",
    "middleName": "Emerson",
    "lastName": "Guha"
  },
  {
    "id": 20,
    "email": "Mukul.Chaturvedi@hotmail.com",
    "phone": { "1": "+91-997-9400382", "2": "+917888164990" },
    "age": 16,
    "date_of_birth": "1992-09-06T04:59:08.392Z",
    "date_of_admission": "2016-03-24T12:38:56.835Z",
    "address": {
      "pincode": "277 220",
      "city": "Santee",
      "street": "17826 Iyengar Street",
      "state": "Himachal Pradesh"
    },
    "firstName": "Shiv",
    "middleName": "Arden",
    "lastName": "Gupta"
  },
  {
    "id": 21,
    "email": "Gorakhanatha_Saini96@yahoo.co.in",
    "phone": { "1": "+917147887792", "2": "+91806-539-9789" },
    "age": 6,
    "date_of_birth": "1993-11-13T13:46:26.676Z",
    "date_of_admission": "2010-03-05T03:11:41.797Z",
    "address": {
      "pincode": "947 731",
      "city": "Plantation",
      "street": "7591 Udit Forges",
      "state": "West Bengal"
    },
    "firstName": "Anjaneya",
    "middleName": "Shawn",
    "lastName": "Shah"
  },
  {
    "id": 22,
    "email": "Manjusha.Adiga@yahoo.co.in",
    "phone": { "1": "+918518451870", "2": "+91845-752-1712" },
    "age": 14,
    "date_of_birth": "1999-02-23T02:21:33.871Z",
    "date_of_admission": "2009-06-30T04:14:22.134Z",
    "address": {
      "pincode": "323 819",
      "city": "Springfield",
      "street": "65075 Darshwana Lock",
      "state": "Dadar and Nagar Haveli"
    },
    "firstName": "Mahesh",
    "middleName": "Emerson",
    "lastName": "Pilla"
  },
  {
    "id": 23,
    "email": "Agneya53@gmail.com",
    "phone": { "1": "+91-716-5862911", "2": "+91695-445-8941" },
    "age": 20,
    "date_of_birth": "1990-10-31T22:04:45.939Z",
    "date_of_admission": "2005-09-27T03:21:52.960Z",
    "address": {
      "pincode": "636 222",
      "city": "Greenville",
      "street": "42290 Dhyanesh Parks",
      "state": "Tamil Nadu"
    },
    "firstName": "Chanda",
    "middleName": "Bowie",
    "lastName": "Pilla"
  },
  {
    "id": 24,
    "email": "Omana_Arora@hotmail.com",
    "phone": { "1": "+919346203611", "2": "+918088562572" },
    "age": 19,
    "date_of_birth": "2000-07-16T17:14:34.147Z",
    "date_of_admission": "2006-04-15T20:35:31.973Z",
    "address": {
      "pincode": "328 170",
      "city": "Moline",
      "street": "67187 Bhattathiri Route",
      "state": "Nagaland"
    },
    "firstName": "Deenabandhu",
    "middleName": "Sasha",
    "lastName": "Pilla"
  },
  {
    "id": 25,
    "email": "Amaranaath.Mehra35@gmail.com",
    "phone": { "1": "+91699-930-3665", "2": "+91-975-1101086" },
    "age": 10,
    "date_of_birth": "1992-11-20T19:48:18.076Z",
    "date_of_admission": "2005-01-02T08:58:41.037Z",
    "address": {
      "pincode": "430 323",
      "city": "Yucaipa",
      "street": "695 Bandopadhyay Crossroad",
      "state": "Maharashtra"
    },
    "firstName": "Chandrakin",
    "middleName": "North",
    "lastName": "Varman"
  },
  {
    "id": 26,
    "email": "Bhisham.Ganaka@hotmail.com",
    "phone": { "1": "+916517004300", "2": "+917835550846" },
    "age": 14,
    "date_of_birth": "1990-06-07T23:22:06.718Z",
    "date_of_admission": "2009-08-26T23:24:55.484Z",
    "address": {
      "pincode": "452 127",
      "city": "Cape Coral",
      "street": "402 Dulari Plaza",
      "state": "Bihar"
    },
    "firstName": "Ganapati",
    "middleName": "Bowie",
    "lastName": "Kapoor"
  },
  {
    "id": 27,
    "email": "Arnesh.Dhawan@hotmail.com",
    "phone": { "1": "+918851766889", "2": "+917660875988" },
    "age": 18,
    "date_of_birth": "1998-07-12T14:45:26.629Z",
    "date_of_admission": "2013-08-12T04:59:38.775Z",
    "address": {
      "pincode": "318 507",
      "city": "Temecula",
      "street": "3906 Chandraprabha Curve",
      "state": "Uttarakhand"
    },
    "firstName": "Bela",
    "middleName": "Jaden",
    "lastName": "Patel"
  },
  {
    "id": 28,
    "email": "Deenabandhu.Menon@gmail.com",
    "phone": { "1": "+91-871-3036733", "2": "+91937-520-9501" },
    "age": 20,
    "date_of_birth": "1995-12-23T08:54:36.958Z",
    "date_of_admission": "2014-06-07T21:50:43.466Z",
    "address": {
      "pincode": "097 065",
      "city": "Nashua",
      "street": "601 Somnath Light",
      "state": "Bihar"
    },
    "firstName": "Eekalabya",
    "middleName": "Sage",
    "lastName": "Namboothiri"
  },
  {
    "id": 29,
    "email": "Chaanakya20@gmail.com",
    "phone": { "1": "+91-944-5902345", "2": "+91637-282-9309" },
    "age": 17,
    "date_of_birth": "1994-07-23T19:35:13.369Z",
    "date_of_admission": "2009-10-04T17:26:06.918Z",
    "address": {
      "pincode": "387 584",
      "city": "Paterson",
      "street": "3759 Girindra Squares",
      "state": "Lakshadweep"
    },
    "firstName": "Vedanga",
    "middleName": "Reign",
    "lastName": "Gill"
  },
  {
    "id": 30,
    "email": "Paramartha.Nehru@hotmail.com",
    "phone": { "1": "+91877-187-7387", "2": "+918394083377" },
    "age": 10,
    "date_of_birth": "1991-06-04T12:20:51.009Z",
    "date_of_admission": "2006-03-17T18:24:26.444Z",
    "address": {
      "pincode": "842 833",
      "city": "Auburn",
      "street": "5295 Kaur Junctions",
      "state": "Delhi"
    },
    "firstName": "Agasti",
    "middleName": "Jules",
    "lastName": "Talwar"
  },
  {
    "id": 31,
    "email": "Pran54@yahoo.co.in",
    "phone": { "1": "+91965-920-2170", "2": "+919281535025" },
    "age": 12,
    "date_of_birth": "1992-04-18T23:12:05.665Z",
    "date_of_admission": "2011-04-11T15:04:41.741Z",
    "address": {
      "pincode": "312 011",
      "city": "Salina",
      "street": "76148 Kaul Plains",
      "state": "Odisha"
    },
    "firstName": "Chandranath",
    "middleName": "Addison",
    "lastName": "Marar"
  },
  {
    "id": 32,
    "email": "Bhishma_Reddy54@hotmail.com",
    "phone": { "1": "+917747123554", "2": "+91916-364-8117" },
    "age": 10,
    "date_of_birth": "1997-07-18T09:59:15.028Z",
    "date_of_admission": "2008-03-09T18:40:30.824Z",
    "address": {
      "pincode": "359 586",
      "city": "Apopka",
      "street": "091 Triloki Way",
      "state": "Uttarakhand"
    },
    "firstName": "Subhash",
    "middleName": "Addison",
    "lastName": "Agarwal"
  },
  {
    "id": 33,
    "email": "Suresh.Nambeesan@hotmail.com",
    "phone": { "1": "+91-748-5060578", "2": "+91801-716-6377" },
    "age": 10,
    "date_of_birth": "1995-03-27T09:11:32.743Z",
    "date_of_admission": "2010-04-08T03:04:17.885Z",
    "address": {
      "pincode": "853 513",
      "city": "Kalamazoo",
      "street": "19521 Guneta Greens",
      "state": "Odisha"
    },
    "firstName": "Archan",
    "middleName": "Micah",
    "lastName": "Talwar"
  },
  {
    "id": 34,
    "email": "Gitanjali86@yahoo.co.in",
    "phone": { "1": "+91667-366-8377", "2": "+91843-164-8551" },
    "age": 12,
    "date_of_birth": "1999-09-06T14:17:37.772Z",
    "date_of_admission": "2007-02-16T09:30:55.931Z",
    "address": {
      "pincode": "977 791",
      "city": "Altamonte Springs",
      "street": "001 Girik Freeway",
      "state": "Manipur"
    },
    "firstName": "Priyala",
    "middleName": "Logan",
    "lastName": "Nambeesan"
  },
  {
    "id": 35,
    "email": "Madhuri.Gandhi@gmail.com",
    "phone": { "1": "+91-786-4768668", "2": "+91-994-6826347" },
    "age": 18,
    "date_of_birth": "1999-01-07T02:08:23.991Z",
    "date_of_admission": "2017-02-26T22:51:21.158Z",
    "address": {
      "pincode": "202 908",
      "city": "Sheboygan",
      "street": "8830 Rana Isle",
      "state": "Goa"
    },
    "firstName": "Smita",
    "middleName": "Kai",
    "lastName": "Kocchar"
  },
  {
    "id": 36,
    "email": "Sukanya_Sethi67@yahoo.co.in",
    "phone": { "1": "+91-853-7188331", "2": "+91-801-0787705" },
    "age": 10,
    "date_of_birth": "1990-10-31T18:28:08.172Z",
    "date_of_admission": "2007-06-18T03:04:28.671Z",
    "address": {
      "pincode": "668 174",
      "city": "Pittsfield",
      "street": "214 Sumitra Via",
      "state": "Mizoram"
    },
    "firstName": "Harit",
    "middleName": "North",
    "lastName": "Talwar"
  },
  {
    "id": 37,
    "email": "Dayamayee.Verma@yahoo.co.in",
    "phone": { "1": "+91-965-1053190", "2": "+91-614-8062838" },
    "age": 11,
    "date_of_birth": "1998-09-19T07:15:57.631Z",
    "date_of_admission": "2014-07-16T01:56:42.615Z",
    "address": {
      "pincode": "792 345",
      "city": "Citrus Heights",
      "street": "62386 Shukla Rest",
      "state": "Lakshadweep"
    },
    "firstName": "Vimal",
    "middleName": "Reagan",
    "lastName": "Chaturvedi"
  },
  {
    "id": 38,
    "email": "Esha_Agarwal@yahoo.co.in",
    "phone": { "1": "+91660-382-3571", "2": "+91673-832-3261" },
    "age": 15,
    "date_of_birth": "1996-03-19T16:56:38.565Z",
    "date_of_admission": "2007-07-09T03:11:56.639Z",
    "address": {
      "pincode": "528 156",
      "city": "Palm Bay",
      "street": "1959 Iyer Rapids",
      "state": "Daman and Diu"
    },
    "firstName": "Aashritha",
    "middleName": "Robin",
    "lastName": "Ahluwalia"
  },
  {
    "id": 39,
    "email": "Tanirika.Sharma84@yahoo.co.in",
    "phone": { "1": "+91-733-7611351", "2": "+91-630-9643232" },
    "age": 8,
    "date_of_birth": "1990-03-10T13:32:59.843Z",
    "date_of_admission": "2010-02-18T07:03:33.504Z",
    "address": {
      "pincode": "504 793",
      "city": "Vallejo",
      "street": "730 Namboothiri Center",
      "state": "Madya Pradesh"
    },
    "firstName": "Ayushmati",
    "middleName": "Kyle",
    "lastName": "Devar"
  },
  {
    "id": 40,
    "email": "Gauranga.Nambeesan@gmail.com",
    "phone": { "1": "+91-636-5169447", "2": "+916049265163" },
    "age": 15,
    "date_of_birth": "1994-11-28T15:28:17.622Z",
    "date_of_admission": "2017-05-16T12:00:12.904Z",
    "address": {
      "pincode": "491 682",
      "city": "Garden Grove",
      "street": "5427 Kamla Well",
      "state": "Uttar Pradesh"
    },
    "firstName": "Chaitan",
    "middleName": "Robin",
    "lastName": "Bhat"
  },
  {
    "id": 41,
    "email": "Bhagvan.Achari@yahoo.co.in",
    "phone": { "1": "+91644-298-3505", "2": "+916428314406" },
    "age": 16,
    "date_of_birth": "1997-02-08T20:01:06.885Z",
    "date_of_admission": "2011-09-28T07:16:37.323Z",
    "address": {
      "pincode": "827 764",
      "city": "Murfreesboro",
      "street": "4231 Menon Mills",
      "state": "Nagaland"
    },
    "firstName": "Suryakantam",
    "middleName": "Shawn",
    "lastName": "Kaniyar"
  },
  {
    "id": 42,
    "email": "Chandramani_Johar@yahoo.co.in",
    "phone": { "1": "+917973603992", "2": "+91783-865-3906" },
    "age": 9,
    "date_of_birth": "1990-02-12T18:54:31.426Z",
    "date_of_admission": "2011-10-06T17:04:12.856Z",
    "address": {
      "pincode": "891 575",
      "city": "Mesquite",
      "street": "6414 Asan Gateway",
      "state": "Chhattisgarh"
    },
    "firstName": "Baalaaditya",
    "middleName": "August",
    "lastName": "Rana"
  },
  {
    "id": 43,
    "email": "Karthik_Mahajan@hotmail.com",
    "phone": { "1": "+918941366401", "2": "+919368735202" },
    "age": 12,
    "date_of_birth": "1996-09-12T10:21:57.970Z",
    "date_of_admission": "2007-01-04T20:44:33.725Z",
    "address": {
      "pincode": "942 464",
      "city": "Modesto",
      "street": "38354 Prasad Cliffs",
      "state": "Andra Pradesh"
    },
    "firstName": "Manjusha",
    "middleName": "Noah",
    "lastName": "Sinha"
  },
  {
    "id": 44,
    "email": "Adityanandana21@hotmail.com",
    "phone": { "1": "+91-616-0878588", "2": "+91-635-9182587" },
    "age": 8,
    "date_of_birth": "1994-02-27T15:48:57.373Z",
    "date_of_admission": "2012-01-04T12:08:42.624Z",
    "address": {
      "pincode": "632 500",
      "city": "Charleston",
      "street": "030 Raj Isle",
      "state": "Tamil Nadu"
    },
    "firstName": "Vinay",
    "middleName": "Ellis",
    "lastName": "Sethi"
  },
  {
    "id": 45,
    "email": "Agrata_Johar@yahoo.co.in",
    "phone": { "1": "+91632-009-7838", "2": "+918509597887" },
    "age": 19,
    "date_of_birth": "1992-03-11T00:59:41.883Z",
    "date_of_admission": "2015-02-21T21:51:29.178Z",
    "address": {
      "pincode": "684 201",
      "city": "Port Charlotte",
      "street": "542 Sudeva Gardens",
      "state": "Andaman and Nicobar Islands"
    },
    "firstName": "Nirbhay",
    "middleName": "Quinn",
    "lastName": "Arora"
  },
  {
    "id": 46,
    "email": "Akshainie.Gowda80@gmail.com",
    "phone": { "1": "+919859897850", "2": "+91-916-7049370" },
    "age": 5,
    "date_of_birth": "1991-10-23T17:00:12.059Z",
    "date_of_admission": "2017-07-02T09:04:18.343Z",
    "address": {
      "pincode": "874 416",
      "city": "Strongsville",
      "street": "079 Nawal Port",
      "state": "Sikkim"
    },
    "firstName": "Bhuvanesh",
    "middleName": "Shawn",
    "lastName": "Guneta"
  },
  {
    "id": 47,
    "email": "Yogendra.Joshi96@yahoo.co.in",
    "phone": { "1": "+91-867-9031685", "2": "+91-940-3147342" },
    "age": 10,
    "date_of_birth": "1991-05-25T17:17:10.123Z",
    "date_of_admission": "2008-09-09T13:45:57.061Z",
    "address": {
      "pincode": "056 010",
      "city": "Maple Grove",
      "street": "160 Ananda Garden",
      "state": "Tamil Nadu"
    },
    "firstName": "Shashi",
    "middleName": "Reign",
    "lastName": "Saini"
  },
  {
    "id": 48,
    "email": "Kamala44@gmail.com",
    "phone": { "1": "+91873-659-4672", "2": "+919949779632" },
    "age": 8,
    "date_of_birth": "1991-03-24T10:23:32.271Z",
    "date_of_admission": "2005-04-08T09:23:49.499Z",
    "address": {
      "pincode": "724 099",
      "city": "Quincy",
      "street": "4370 Devvrat Harbors",
      "state": "Andaman and Nicobar Islands"
    },
    "firstName": "Nawal",
    "middleName": "Alex",
    "lastName": "Kaul"
  },
  {
    "id": 49,
    "email": "Abhaya82@gmail.com",
    "phone": { "1": "+91904-334-5290", "2": "+91-697-9665349" },
    "age": 16,
    "date_of_birth": "1993-08-01T19:48:32.751Z",
    "date_of_admission": "2013-03-08T06:25:09.804Z",
    "address": {
      "pincode": "559 837",
      "city": "Greenville",
      "street": "6433 Singh Stravenue",
      "state": "Jammu and Kashmir"
    },
    "firstName": "Girika",
    "middleName": "Taylor",
    "lastName": "Menon"
  },
  {
    "id": 50,
    "email": "Amaranaath.Dubashi@yahoo.co.in",
    "phone": { "1": "+91-607-9548432", "2": "+91-700-5833877" },
    "age": 11,
    "date_of_birth": "1991-05-15T11:42:40.950Z",
    "date_of_admission": "2013-01-16T22:29:53.586Z",
    "address": {
      "pincode": "379 146",
      "city": "South San Francisco",
      "street": "47965 Kanaka Pine",
      "state": "Maharashtra"
    },
    "firstName": "Bhaswar",
    "middleName": "Parker",
    "lastName": "Dutta"
  },
  {
    "id": 51,
    "email": "Gobinda75@gmail.com",
    "phone": { "1": "+919551323236", "2": "+91765-302-4402" },
    "age": 7,
    "date_of_birth": "1997-04-22T04:40:45.662Z",
    "date_of_admission": "2005-08-26T18:01:28.886Z",
    "address": {
      "pincode": "680 528",
      "city": "Potomac",
      "street": "4948 Rohit Spurs",
      "state": "Uttarakhand"
    },
    "firstName": "Kannen",
    "middleName": "Leslie",
    "lastName": "Pillai"
  },
  {
    "id": 52,
    "email": "Chitraksh.Kakkar@yahoo.co.in",
    "phone": { "1": "+91696-290-9852", "2": "+91973-662-5534" },
    "age": 7,
    "date_of_birth": "1997-11-09T06:54:07.592Z",
    "date_of_admission": "2005-03-23T08:42:25.509Z",
    "address": {
      "pincode": "855 470",
      "city": "Bethlehem",
      "street": "0104 Akshaj Estates",
      "state": "Maharashtra"
    },
    "firstName": "Elakshi",
    "middleName": "Angel",
    "lastName": "Talwar"
  },
  {
    "id": 53,
    "email": "Jagdish.Tagore@gmail.com",
    "phone": { "1": "+91858-216-9486", "2": "+91990-168-1999" },
    "age": 13,
    "date_of_birth": "1997-05-17T08:39:56.836Z",
    "date_of_admission": "2005-11-15T17:51:02.410Z",
    "address": {
      "pincode": "093 945",
      "city": "Burbank",
      "street": "607 Jyotsana Summit",
      "state": "Telangana"
    },
    "firstName": "Bhudev",
    "middleName": "Noah",
    "lastName": "Khanna"
  },
  {
    "id": 54,
    "email": "Ekadant74@gmail.com",
    "phone": { "1": "+916779750562", "2": "+91-673-2685922" },
    "age": 6,
    "date_of_birth": "1990-04-28T12:05:44.674Z",
    "date_of_admission": "2015-10-01T22:40:15.595Z",
    "address": {
      "pincode": "154 647",
      "city": "Greensboro",
      "street": "1051 Devar Estates",
      "state": "Daman and Diu"
    },
    "firstName": "Chandrakala",
    "middleName": "Harper",
    "lastName": "Iyer"
  },
  {
    "id": 55,
    "email": "Bhagirathi_Agarwal@yahoo.co.in",
    "phone": { "1": "+91639-679-4959", "2": "+919167475978" },
    "age": 16,
    "date_of_birth": "1993-04-18T03:45:56.786Z",
    "date_of_admission": "2010-12-14T10:11:36.875Z",
    "address": {
      "pincode": "914 708",
      "city": "Parker",
      "street": "26067 Khan Locks",
      "state": "Manipur"
    },
    "firstName": "Lakshman",
    "middleName": "Kennedy",
    "lastName": "Devar"
  },
  {
    "id": 56,
    "email": "Apsara.Pilla@hotmail.com",
    "phone": { "1": "+91-913-6012921", "2": "+91614-361-6255" },
    "age": 20,
    "date_of_birth": "1997-04-07T19:41:26.739Z",
    "date_of_admission": "2005-01-28T21:11:42.839Z",
    "address": {
      "pincode": "246 344",
      "city": "Waterloo",
      "street": "0999 Bhat Extension",
      "state": "Jammu and Kashmir"
    },
    "firstName": "Basanti",
    "middleName": "Jules",
    "lastName": "Panicker"
  },
  {
    "id": 57,
    "email": "Amodini.Agarwal11@gmail.com",
    "phone": { "1": "+91-649-6922106", "2": "+91837-019-3877" },
    "age": 16,
    "date_of_birth": "1991-03-09T13:55:04.626Z",
    "date_of_admission": "2005-08-29T06:49:21.234Z",
    "address": {
      "pincode": "191 773",
      "city": "Paterson",
      "street": "8340 Poornima Ranch",
      "state": "Tamil Nadu"
    },
    "firstName": "Girika",
    "middleName": "Jules",
    "lastName": "Abbott"
  },
  {
    "id": 58,
    "email": "Pran71@gmail.com",
    "phone": { "1": "+91639-482-9358", "2": "+919390062103" },
    "age": 16,
    "date_of_birth": "1993-12-22T03:49:39.415Z",
    "date_of_admission": "2014-06-10T12:26:43.184Z",
    "address": {
      "pincode": "789 665",
      "city": "Midwest City",
      "street": "261 Aditeya Forge",
      "state": "Andra Pradesh"
    },
    "firstName": "Bhanumati",
    "middleName": "Elliott",
    "lastName": "Mehrotra"
  },
  {
    "id": 59,
    "email": "Brajesh71@hotmail.com",
    "phone": { "1": "+916460277158", "2": "+917013473869" },
    "age": 12,
    "date_of_birth": "1991-10-21T08:38:43.559Z",
    "date_of_admission": "2008-04-24T05:54:55.928Z",
    "address": {
      "pincode": "818 964",
      "city": "Suffolk",
      "street": "29337 Namboothiri Shoal",
      "state": "Pondicherr"
    },
    "firstName": "Kashyap",
    "middleName": "Ellis",
    "lastName": "Nayar"
  },
  {
    "id": 60,
    "email": "Bhadra46@hotmail.com",
    "phone": { "1": "+91682-631-0812", "2": "+91-707-6784263" },
    "age": 7,
    "date_of_birth": "1995-06-30T06:37:25.734Z",
    "date_of_admission": "2015-01-09T23:27:43.857Z",
    "address": {
      "pincode": "154 885",
      "city": "Burnsville",
      "street": "91150 Gandhi Mission",
      "state": "Uttarakhand"
    },
    "firstName": "Ujjwal",
    "middleName": "Kendall",
    "lastName": "Chopra"
  },
  {
    "id": 61,
    "email": "Purushottam77@gmail.com",
    "phone": { "1": "+91624-030-8047", "2": "+91-900-9467784" },
    "age": 5,
    "date_of_birth": "1991-10-15T15:03:39.036Z",
    "date_of_admission": "2014-08-22T03:55:20.546Z",
    "address": {
      "pincode": "604 484",
      "city": "Boynton Beach",
      "street": "39881 Khatri Summit",
      "state": "Chhattisgarh"
    },
    "firstName": "Harit",
    "middleName": "Finley",
    "lastName": "Bandopadhyay"
  },
  {
    "id": 62,
    "email": "Sharda_Malik65@yahoo.co.in",
    "phone": { "1": "+919599297443", "2": "+91719-316-3045" },
    "age": 8,
    "date_of_birth": "1997-01-01T08:18:22.281Z",
    "date_of_admission": "2017-09-17T09:38:34.465Z",
    "address": {
      "pincode": "317 379",
      "city": "Sacramento",
      "street": "050 Shukla Spurs",
      "state": "Odisha"
    },
    "firstName": "Divakar",
    "middleName": "Finley",
    "lastName": "Patel"
  },
  {
    "id": 63,
    "email": "Hiranmaya_Sinha69@hotmail.com",
    "phone": { "1": "+919010901797", "2": "+91725-692-1127" },
    "age": 10,
    "date_of_birth": "1990-06-18T20:35:10.955Z",
    "date_of_admission": "2008-10-17T10:24:00.919Z",
    "address": {
      "pincode": "258 631",
      "city": "Gilbert",
      "street": "17861 Patil Plaza",
      "state": "Daman and Diu"
    },
    "firstName": "Purushottam",
    "middleName": "Micah",
    "lastName": "Mishra"
  },
  {
    "id": 64,
    "email": "Meghnath.Pilla43@yahoo.co.in",
    "phone": { "1": "+91668-692-4551", "2": "+918604989904" },
    "age": 6,
    "date_of_birth": "1994-08-07T15:16:40.912Z",
    "date_of_admission": "2010-05-13T15:24:42.709Z",
    "address": {
      "pincode": "923 712",
      "city": "Lakeland",
      "street": "20618 Singh Lakes",
      "state": "Himachal Pradesh"
    },
    "firstName": "Gorakhnath",
    "middleName": "Charlie",
    "lastName": "Jain"
  },
  {
    "id": 65,
    "email": "Vasudev19@hotmail.com",
    "phone": { "1": "+916335919868", "2": "+91-963-8870656" },
    "age": 7,
    "date_of_birth": "1995-07-27T04:01:01.152Z",
    "date_of_admission": "2007-04-24T16:05:48.927Z",
    "address": {
      "pincode": "034 942",
      "city": "Brandon",
      "street": "360 Gajabahu Course",
      "state": "Odisha"
    },
    "firstName": "Jagadish",
    "middleName": "North",
    "lastName": "Banerjee"
  },
  {
    "id": 66,
    "email": "Enakshi.Bhattathiri84@gmail.com",
    "phone": { "1": "+91-601-7930299", "2": "+917268795526" },
    "age": 20,
    "date_of_birth": "1990-11-04T14:04:15.872Z",
    "date_of_admission": "2010-09-04T19:08:05.811Z",
    "address": {
      "pincode": "031 424",
      "city": "Long Beach",
      "street": "8474 Devika Flat",
      "state": "Jharkhand"
    },
    "firstName": "Jai",
    "middleName": "Alex",
    "lastName": "Jain"
  },
  {
    "id": 67,
    "email": "Uttam37@hotmail.com",
    "phone": { "1": "+91969-672-4238", "2": "+91691-480-0343" },
    "age": 8,
    "date_of_birth": "1993-08-15T12:26:42.029Z",
    "date_of_admission": "2009-04-25T15:13:14.607Z",
    "address": {
      "pincode": "753 613",
      "city": "Nampa",
      "street": "63048 Chandrabhan Lights",
      "state": "Bihar"
    },
    "firstName": "Bhagirathi",
    "middleName": "August",
    "lastName": "Agarwal"
  },
  {
    "id": 68,
    "email": "Gitanjali7@yahoo.co.in",
    "phone": { "1": "+916268647874", "2": "+91-644-5581943" },
    "age": 10,
    "date_of_birth": "1993-12-19T11:40:57.777Z",
    "date_of_admission": "2006-07-11T09:44:49.780Z",
    "address": {
      "pincode": "591 244",
      "city": "Greenville",
      "street": "85278 Ujjwal Forks",
      "state": "Jammu and Kashmir"
    },
    "firstName": "Chitrali",
    "middleName": "Marlowe",
    "lastName": "Dutta"
  },
  {
    "id": 69,
    "email": "Tej.Jain@gmail.com",
    "phone": { "1": "+917221186189", "2": "+91-629-4272376" },
    "age": 17,
    "date_of_birth": "1996-10-03T13:19:45.758Z",
    "date_of_admission": "2016-06-13T22:43:51.088Z",
    "address": {
      "pincode": "507 241",
      "city": "Carrollton",
      "street": "88737 Chandrakala Pines",
      "state": "Manipur"
    },
    "firstName": "Garuda",
    "middleName": "Cameron",
    "lastName": "Trivedi"
  },
  {
    "id": 70,
    "email": "Giri11@hotmail.com",
    "phone": { "1": "+916048806393", "2": "+916689654999" },
    "age": 16,
    "date_of_birth": "1992-12-04T23:22:10.158Z",
    "date_of_admission": "2008-05-22T02:32:08.991Z",
    "address": {
      "pincode": "032 778",
      "city": "Round Rock",
      "street": "0882 Abhaya Drive",
      "state": "Maharashtra"
    },
    "firstName": "Adikavi",
    "middleName": "Alex",
    "lastName": "Gowda"
  },
  {
    "id": 71,
    "email": "Gorakhanatha_Singh99@gmail.com",
    "phone": { "1": "+917377212281", "2": "+91-819-4424305" },
    "age": 8,
    "date_of_birth": "1995-04-01T11:12:34.836Z",
    "date_of_admission": "2009-05-03T12:15:47.325Z",
    "address": {
      "pincode": "727 323",
      "city": "Bismarck",
      "street": "555 Gobinda Locks",
      "state": "Telangana"
    },
    "firstName": "Aadi",
    "middleName": "Kai",
    "lastName": "Iyer"
  },
  {
    "id": 72,
    "email": "Triloki_Verma11@hotmail.com",
    "phone": { "1": "+919739663628", "2": "+91-848-5789037" },
    "age": 7,
    "date_of_birth": "1992-05-05T13:35:07.543Z",
    "date_of_admission": "2012-12-16T01:22:35.422Z",
    "address": {
      "pincode": "530 146",
      "city": "Westminster",
      "street": "72812 Dhaanyalakshmi Mountains",
      "state": "Haryana"
    },
    "firstName": "Adhrit",
    "middleName": "Logan",
    "lastName": "Namboothiri"
  },
  {
    "id": 73,
    "email": "Aaryan.Nayar@yahoo.co.in",
    "phone": { "1": "+919593154147", "2": "+91-956-7989075" },
    "age": 15,
    "date_of_birth": "1998-03-04T01:16:05.521Z",
    "date_of_admission": "2008-09-23T22:09:51.250Z",
    "address": {
      "pincode": "844 538",
      "city": "Glendale",
      "street": "459 Vidya Glen",
      "state": "Rajasthan"
    },
    "firstName": "Deeptimay",
    "middleName": "Finley",
    "lastName": "Agarwal"
  },
  {
    "id": 74,
    "email": "AnandSwarup28@gmail.com",
    "phone": { "1": "+91883-090-4522", "2": "+91906-196-0919" },
    "age": 11,
    "date_of_birth": "2000-05-17T23:16:14.292Z",
    "date_of_admission": "2009-03-23T04:12:32.138Z",
    "address": {
      "pincode": "957 415",
      "city": "Mesquite",
      "street": "5511 Tandon Forest",
      "state": "Gujarat"
    },
    "firstName": "Diksha",
    "middleName": "London",
    "lastName": "Sethi"
  },
  {
    "id": 75,
    "email": "Daiwik20@yahoo.co.in",
    "phone": { "1": "+917277452775", "2": "+91937-773-0913" },
    "age": 6,
    "date_of_birth": "1990-03-08T20:55:16.141Z",
    "date_of_admission": "2016-12-31T21:09:53.663Z",
    "address": {
      "pincode": "517 666",
      "city": "College Station",
      "street": "3535 Mishra Canyon",
      "state": "Delhi"
    },
    "firstName": "Bhaanumati",
    "middleName": "Parker",
    "lastName": "Patil"
  },
  {
    "id": 76,
    "email": "Chandradev_Dubashi@hotmail.com",
    "phone": { "1": "+91795-867-8069", "2": "+916758522083" },
    "age": 17,
    "date_of_birth": "1995-04-15T23:01:58.825Z",
    "date_of_admission": "2013-01-23T07:51:34.258Z",
    "address": {
      "pincode": "723 372",
      "city": "Tucson",
      "street": "20443 Chandraprabha Brook",
      "state": "Punjab"
    },
    "firstName": "Padma",
    "middleName": "Leslie",
    "lastName": "Jain"
  },
  {
    "id": 77,
    "email": "Ramesh4@yahoo.co.in",
    "phone": { "1": "+918226260450", "2": "+91-831-1078458" },
    "age": 16,
    "date_of_birth": "1994-07-03T01:14:50.222Z",
    "date_of_admission": "2009-01-07T14:37:29.666Z",
    "address": {
      "pincode": "812 794",
      "city": "New York",
      "street": "813 Kapoor Centers",
      "state": "Mizoram"
    },
    "firstName": "Dwaipayan",
    "middleName": "London",
    "lastName": "Namboothiri"
  },
  {
    "id": 78,
    "email": "Deeptiman_Banerjee89@hotmail.com",
    "phone": { "1": "+91620-401-9126", "2": "+916024915834" },
    "age": 17,
    "date_of_birth": "1993-09-17T12:29:03.410Z",
    "date_of_admission": "2010-09-24T08:42:53.818Z",
    "address": {
      "pincode": "318 766",
      "city": "Warwick",
      "street": "63906 Nirbhay Route",
      "state": "Uttar Pradesh"
    },
    "firstName": "Akshaj",
    "middleName": "Drew",
    "lastName": "Jain"
  },
  {
    "id": 79,
    "email": "Garuda23@gmail.com",
    "phone": { "1": "+91-724-8122285", "2": "+91-954-6278205" },
    "age": 11,
    "date_of_birth": "1992-08-01T07:21:19.563Z",
    "date_of_admission": "2017-06-07T16:32:51.169Z",
    "address": {
      "pincode": "750 088",
      "city": "Palm Coast",
      "street": "347 Sunita Ridge",
      "state": "Assam"
    },
    "firstName": "Tara",
    "middleName": "Drew",
    "lastName": "Guneta"
  },
  {
    "id": 80,
    "email": "Bhishma.Ahuja90@hotmail.com",
    "phone": { "1": "+91734-866-3289", "2": "+91-937-6140171" },
    "age": 10,
    "date_of_birth": "1991-02-21T11:26:48.665Z",
    "date_of_admission": "2010-06-25T02:03:17.286Z",
    "address": {
      "pincode": "679 686",
      "city": "Kansas City",
      "street": "6684 Desai Drive",
      "state": "Sikkim"
    },
    "firstName": "Anurag",
    "middleName": "Elliott",
    "lastName": "Singh"
  },
  {
    "id": 81,
    "email": "Kirti.Deshpande@hotmail.com",
    "phone": { "1": "+91-799-9185854", "2": "+919772033848" },
    "age": 10,
    "date_of_birth": "1991-02-18T22:46:45.401Z",
    "date_of_admission": "2015-12-02T18:55:10.739Z",
    "address": {
      "pincode": "973 789",
      "city": "Memphis",
      "street": "6079 Dwivedi Drive",
      "state": "Arunachal Pradesh"
    },
    "firstName": "Jagdish",
    "middleName": "Drew",
    "lastName": "Shukla"
  },
  {
    "id": 82,
    "email": "Dhananjay_Naik10@hotmail.com",
    "phone": { "1": "+919648939082", "2": "+91-601-2869902" },
    "age": 7,
    "date_of_birth": "1992-01-30T01:59:29.522Z",
    "date_of_admission": "2007-01-16T01:50:22.653Z",
    "address": {
      "pincode": "732 711",
      "city": "Nampa",
      "street": "395 Menon Path",
      "state": "Sikkim"
    },
    "firstName": "Aagneya",
    "middleName": "Dakota",
    "lastName": "Banerjee"
  },
  {
    "id": 83,
    "email": "Gitanjali_Verma43@gmail.com",
    "phone": { "1": "+916556642918", "2": "+91817-061-7066" },
    "age": 20,
    "date_of_birth": "1994-11-22T10:32:22.765Z",
    "date_of_admission": "2015-02-26T08:52:28.176Z",
    "address": {
      "pincode": "126 666",
      "city": "Lee's Summit",
      "street": "0382 Niro Burg",
      "state": "Rajasthan"
    },
    "firstName": "Devasree",
    "middleName": "August",
    "lastName": "Banerjee"
  },
  {
    "id": 84,
    "email": "Naveen22@gmail.com",
    "phone": { "1": "+91801-747-1674", "2": "+91829-767-3247" },
    "age": 16,
    "date_of_birth": "1991-12-17T00:04:41.797Z",
    "date_of_admission": "2014-12-29T09:01:22.824Z",
    "address": {
      "pincode": "955 038",
      "city": "Novato",
      "street": "297 Achari Land",
      "state": "Chandigarh"
    },
    "firstName": "Girik",
    "middleName": "Shiloh",
    "lastName": "Gill"
  },
  {
    "id": 85,
    "email": "Suman93@gmail.com",
    "phone": { "1": "+91769-451-6031", "2": "+919217771479" },
    "age": 10,
    "date_of_birth": "2000-11-27T21:17:25.348Z",
    "date_of_admission": "2015-10-27T05:08:16.145Z",
    "address": {
      "pincode": "549 771",
      "city": "El Paso",
      "street": "4077 Chopra Stravenue",
      "state": "Haryana"
    },
    "firstName": "Jai",
    "middleName": "Avery",
    "lastName": "Gowda"
  },
  {
    "id": 86,
    "email": "Bhargava.Chaturvedi84@hotmail.com",
    "phone": { "1": "+917766410714", "2": "+91825-861-1108" },
    "age": 8,
    "date_of_birth": "1996-06-13T15:40:37.394Z",
    "date_of_admission": "2009-07-07T17:53:50.207Z",
    "address": {
      "pincode": "683 544",
      "city": "Lehigh Acres",
      "street": "6378 Poornima Trafficway",
      "state": "Delhi"
    },
    "firstName": "Shridevi",
    "middleName": "August",
    "lastName": "Dutta"
  },
  {
    "id": 87,
    "email": "Balagovind_Varma@hotmail.com",
    "phone": { "1": "+917852164407", "2": "+91-870-9665290" },
    "age": 12,
    "date_of_birth": "1990-05-04T02:44:42.020Z",
    "date_of_admission": "2011-04-01T22:22:35.125Z",
    "address": {
      "pincode": "417 020",
      "city": "Potomac",
      "street": "61443 Achari Run",
      "state": "Mizoram"
    },
    "firstName": "Dipendra",
    "middleName": "Rowan",
    "lastName": "Mukhopadhyay"
  },
  {
    "id": 88,
    "email": "Esha_Verma18@yahoo.co.in",
    "phone": { "1": "+91897-976-0664", "2": "+917029125159" },
    "age": 14,
    "date_of_birth": "1993-12-08T07:09:23.906Z",
    "date_of_admission": "2010-05-12T10:03:03.881Z",
    "address": {
      "pincode": "527 390",
      "city": "Billings",
      "street": "24138 Kaul Shoals",
      "state": "Gujarat"
    },
    "firstName": "Narinder",
    "middleName": "Bailey",
    "lastName": "Desai"
  },
  {
    "id": 89,
    "email": "Suma99@yahoo.co.in",
    "phone": { "1": "+916559084843", "2": "+91870-528-5204" },
    "age": 17,
    "date_of_birth": "1993-09-19T07:30:40.794Z",
    "date_of_admission": "2007-08-13T15:38:37.499Z",
    "address": {
      "pincode": "517 211",
      "city": "Sioux Falls",
      "street": "8245 Arindam Port",
      "state": "Jharkhand"
    },
    "firstName": "Amaranaath",
    "middleName": "James",
    "lastName": "Ahluwalia"
  },
  {
    "id": 90,
    "email": "Shiv47@yahoo.co.in",
    "phone": { "1": "+91909-735-4783", "2": "+917831918932" },
    "age": 10,
    "date_of_birth": "1991-12-19T05:08:55.004Z",
    "date_of_admission": "2012-02-28T08:52:19.172Z",
    "address": {
      "pincode": "108 690",
      "city": "The Hammocks",
      "street": "19172 Sharmila Well",
      "state": "Andaman and Nicobar Islands"
    },
    "firstName": "Vedanshi",
    "middleName": "Ryan",
    "lastName": "Mishra"
  },
  {
    "id": 91,
    "email": "Aagney.Adiga5@gmail.com",
    "phone": { "1": "+91-680-6624922", "2": "+917108464583" },
    "age": 11,
    "date_of_birth": "1994-02-16T15:35:22.458Z",
    "date_of_admission": "2015-10-11T22:03:01.995Z",
    "address": {
      "pincode": "957 804",
      "city": "Canton",
      "street": "704 Banerjee Extensions",
      "state": "Nagaland"
    },
    "firstName": "Mangala",
    "middleName": "Finley",
    "lastName": "Dwivedi"
  },
  {
    "id": 92,
    "email": "Suma.Banerjee26@yahoo.co.in",
    "phone": { "1": "+918569204181", "2": "+91-944-5082606" },
    "age": 16,
    "date_of_birth": "1999-05-19T18:54:22.949Z",
    "date_of_admission": "2010-11-10T13:49:39.989Z",
    "address": {
      "pincode": "199 850",
      "city": "Rocky Mount",
      "street": "05028 Anshula Pike",
      "state": "Haryana"
    },
    "firstName": "Aayushmaan",
    "middleName": "Rory",
    "lastName": "Malik"
  },
  {
    "id": 93,
    "email": "Annapurna.Kapoor10@gmail.com",
    "phone": { "1": "+918527651089", "2": "+918414111516" },
    "age": 10,
    "date_of_birth": "1994-10-02T08:53:29.576Z",
    "date_of_admission": "2013-05-13T07:19:30.991Z",
    "address": {
      "pincode": "298 074",
      "city": "Longview",
      "street": "5034 Iyer Wall",
      "state": "West Bengal"
    },
    "firstName": "Gopee",
    "middleName": "Hayden",
    "lastName": "Prajapat"
  },
  {
    "id": 94,
    "email": "Bhooshan_Kaul@gmail.com",
    "phone": { "1": "+91939-739-9202", "2": "+919075068365" },
    "age": 11,
    "date_of_birth": "1999-01-24T01:48:28.237Z",
    "date_of_admission": "2017-03-12T02:43:41.850Z",
    "address": {
      "pincode": "029 004",
      "city": "Seattle",
      "street": "78196 Amarnath Rapid",
      "state": "Sikkim"
    },
    "firstName": "Vasudha",
    "middleName": "Angel",
    "lastName": "Abbott"
  },
  {
    "id": 95,
    "email": "Achalesvara70@hotmail.com",
    "phone": { "1": "+91865-201-1947", "2": "+917400904826" },
    "age": 7,
    "date_of_birth": "1990-05-13T08:09:11.821Z",
    "date_of_admission": "2014-08-01T10:48:39.174Z",
    "address": {
      "pincode": "951 621",
      "city": "Sayreville",
      "street": "66616 Chopra Expressway",
      "state": "Telangana"
    },
    "firstName": "Bhupati",
    "middleName": "Sage",
    "lastName": "Pothuvaal"
  },
  {
    "id": 96,
    "email": "Amarnath.Sinha@yahoo.co.in",
    "phone": { "1": "+918801219766", "2": "+91686-214-5780" },
    "age": 16,
    "date_of_birth": "1991-01-31T17:26:29.860Z",
    "date_of_admission": "2010-12-08T10:40:54.907Z",
    "address": {
      "pincode": "159 913",
      "city": "Oakland Park",
      "street": "00183 Banerjee Stravenue",
      "state": "Delhi"
    },
    "firstName": "Uma",
    "middleName": "Gray",
    "lastName": "Kocchar"
  },
  {
    "id": 97,
    "email": "Baalagopaal74@hotmail.com",
    "phone": { "1": "+91-679-6831018", "2": "+91879-021-6476" },
    "age": 19,
    "date_of_birth": "1999-08-10T02:40:22.710Z",
    "date_of_admission": "2008-03-11T09:40:25.394Z",
    "address": {
      "pincode": "060 810",
      "city": "Annandale",
      "street": "171 Chattopadhyay Garden",
      "state": "Andaman and Nicobar Islands"
    },
    "firstName": "Charvi",
    "middleName": "Reese",
    "lastName": "Mishra"
  },
  {
    "id": 98,
    "email": "Pushti27@yahoo.co.in",
    "phone": { "1": "+91778-101-4841", "2": "+91-887-0610086" },
    "age": 7,
    "date_of_birth": "1991-08-29T13:02:30.034Z",
    "date_of_admission": "2016-06-23T18:21:32.170Z",
    "address": {
      "pincode": "211 564",
      "city": "Cambridge",
      "street": "428 Devika Parkway",
      "state": "Dadar and Nagar Haveli"
    },
    "firstName": "Meenakshi",
    "middleName": "Leslie",
    "lastName": "Varma"
  },
  {
    "id": 99,
    "email": "Adhiraj_Malik48@hotmail.com",
    "phone": { "1": "+91-708-8559470", "2": "+91-952-5018077" },
    "age": 6,
    "date_of_birth": "1998-11-05T05:19:40.067Z",
    "date_of_admission": "2012-11-05T10:02:18.970Z",
    "address": {
      "pincode": "354 005",
      "city": "Casa Grande",
      "street": "039 Pandey Forks",
      "state": "Assam"
    },
    "firstName": "Surya",
    "middleName": "Kyle",
    "lastName": "Kaniyar"
  },
  {
    "id": 100,
    "email": "Ganak4@gmail.com",
    "phone": { "1": "+91699-228-0238", "2": "+91-735-9367588" },
    "age": 20,
    "date_of_birth": "1995-04-15T19:03:40.690Z",
    "date_of_admission": "2015-12-30T15:13:33.400Z",
    "address": {
      "pincode": "517 575",
      "city": "St. Cloud",
      "street": "863 Budhil Brooks",
      "state": "Punjab"
    },
    "firstName": "Achalesvara",
    "middleName": "Angel",
    "lastName": "Dhawan"
  }
]
